12345,alok.gupta@pridequest.com,Alok,Gupta
12346,chad.johnson@pridequest.com,Chad,Johnson
12350,james.butler@pridequest.com,James,Butler
12351,josephine.darakjy@pridequest.com,Josephine,Darakjy
12352,art.chan@pridequest.com,Art,Chan
12353,peter.rocki@pridequest.com,Peter,Rocki
12354,donette.foller@pridequest.com,Donette,Foller
12355,simona.desouza@pridequest.com,Simona,Desouza
12356,mitsue.tollner@pridequest.com,Mitsue,Tollner
12357,leo.chang@pridequest.com,Leo,Chang
12358,sage.wieser@pridequest.com,Sage,Wieser
12359,kris.daniel@pridequest.com,Kris,Daniel
12360,minna.amigon@pridequest.com,Minna,Amigon
12361,ama.clead@pridequest.com,Ama,Clead
12362,kiley.caldarera@pridequest.com,Kiley,Caldarera
12363,george.ruta@pridequest.com,George,Ruta
12364,cindy.albares@pridequest.com,Cindy,Albares
12365,matt.johnson@pridequest.com,Matt,Johnson
12366,meghan.ross@pridequest.com,Meghan,Ross
12367,emma.lehman@pridequest.com,Emma,Lehman
12368,yuki.whobrey@pridequest.com,Yuki,Whobrey
12369,fletcher.flosi@pridequest.com,Fletcher,Flosi
12370,bette.nicka@pridequest.com,Bette,Nicka
12371,vinay.verma@pridequest.com,Vinay,Verma
12372,willard.jackson@pridequest.com,Willard,Jackson
12373,mike.royster@pridequest.com,Mike,Royster
12374,alisha.kumari@pridequest.com,Alisha,Kumari
12375,allene.iturbide@pridequest.com,Allene,Iturbide
12376,chanel.caudy@pridequest.com,Chanel,Caudy
12377,eze.kiel@pridequest.com,Eze,Kiel
12378,wai.kusko@pridequest.com,Wai,Kusko
12379,ben.figeroa@pridequest.com,Ben,Figeroa
12380,ammie.chan@pridequest.com,Ammie,Chan
12381,francine.vocelka@pridequest.com,Francine,Vocelka
12382,ernie.stenseth@pridequest.com,Ernie,Stenseth
12383,abhinav.bina@pridequest.com,Abhinav,Bina
12384,aman.sergi@pridequest.com,Aman,Sergi
12385,solan.gupta@pridequest.com,Solan,Gupta
12386,jose.obezo@pridequest.com,Jose,Obezo
12387,rozella.ostrosky@pridequest.com,Rozella,Ostrosky
12388,valentine.gillian@pridequest.com,Valentine,Gillian
12389,kati.rulapaugh@pridequest.com,Kati,Rulapaugh
12390,yu.landa@pridequest.com,Yu,Landa
12391,donald.roy@pridequest.com,Donald,Roy
12392,roxi.ann@pridequest.com,Roxi,Ann
12393,lewis.perin@pridequest.com,Lewis,Perin
12394,erick.ferencz@pridequest.com,Erick,Ferencz
12395,fred.saylor@pridequest.com,Fred,Saylor
12396,jina.briddick@pridequest.com,Jina,Briddick
12397,kanisha.waycott@pridequest.com,Kanisha,Waycott
12398,emerson.bowley@pridequest.com,Emerson,Bowley
12399,brett.malet@pridequest.com,Brett,Malet
12400,baby.bolognia@pridequest.com,Baby,Bolognia
12401,luna.nestle@pridequest.com,Luna,Nestle
12402,swara.abra@pridequest.com,Swara,Abra
12403,mat.mastella@pridequest.com,Mat,Mastella
12404,karl.klonowski@pridequest.com,Karl,Klonowski
12405,twain.wenner@pridequest.com,Twain,Wenner
12406,amber.monarrez@pridequest.com,Amber,Monarrez
12407,shenika.sharma@pridequest.com,Shenika,Sharma
12408,delmy.ahle@pridequest.com,Delmy,Ahle
12409,deeanna.juhas@pridequest.com,Deeanna,Juhas
12410,bipin.chugh@pridequest.com,Bipin,Chugh
12411,jamal.khan@pridequest.com,Jamal,Khan
12412,lily.carpenteria@pridequest.com,Lily,Carpenteria
12413,carmelina.lindall@pridequest.com,Carmelina,Lindall
12414,maurine.yglesias@pridequest.com,Maurine,Yglesias
12415,tawna.lui@pridequest.com,Tawna,Lui
12416,penney.weight@pridequest.com,Penney,Weight
12417,elly.morocco@pridequest.com,Elly,Morocco
12418,illene.eroman@pridequest.com,Illene,Eroman
12419,velvet.mondella@pridequest.com,Velvet,Mondella
12420,kallie.blackwood@pridequest.com,Kallie,Blackwood
12421,johnetta.abdallah@pridequest.com,Johnetta,Abdallah
12422,binu.rhym@pridequest.com,Binu,Rhym
12423,micaela.rhymes@pridequest.com,Micaela,Rhymes
12424,rajesh.tomar@pridequest.com,Rajesh,Tomar
12425,moon.radisson@pridequest.com,Moon,Radisson
12426,laurel.reitler@pridequest.com,Laurel,Reitler
12427,delisa.crupi@pridequest.com,Delisa,Crupi
12428,viva.toelkes@pridequest.com,Viva,Toelkes
12429,elza.nestle@pridequest.com,Elza,Nestle
12430,devorah.gupta@pridequest.com,Devorah,Gupta
12431,timothy.mulqueen@pridequest.com,Timothy,Mulqueen
12433,dominque.dickerson@pridequest.com,Dominque,Dickerson
12434,lettie.isenhower@pridequest.com,Lettie,Isenhower
12435,mmunns.verma@pridequest.com,Mmunns,Verma
12436,stephaine.williams@pridequest.com,Stephaine,Williams
12437,lai.gato@pridequest.com,Lai,Gato
12438,stephen.emigh@pridequest.com,Stephen,Emigh
12439,tony.shields@pridequest.com,Tony,Shields
12440,tony.wardrip@pridequest.com,Tony,Wardrip
12441,cory.gibes@pridequest.com,Cory,Gibes
12442,danica.bruschke@pridequest.com,Danica,Bruschke
12443,wi.chan@pridequest.com,Wi,Chan
12444,elvera.benimadho@pridequest.com,Elvera,Benimadho
12445,carma.mercie@pridequest.com,Carma,Mercie
12446,malinda.hochard@pridequest.com,Malinda,Hochard
12447,natalie.fern@pridequest.com,Natalie,Fern
12448,isha.bhaskar@pridequest.com,Isha,Bhaskar
12449,arlene.klusman@pridequest.com,Arlene,Klusman
12450,alia.bhatt@pridequest.com,Alia,Bhatt
12451,louise.summer@pridequest.com,Louise,Summer
12452,angella.cetta@pridequest.com,Angella,Cetta
12453,camy.goldammer@pridequest.com,Camy,Goldammer
12454,rosio.cork@pridequest.com,Rosio,Cork
12455,cannie.korando@pridequest.com,Cannie,Korando
12456,ana.felger@pridequest.com,Ana,Felger
12457,estrella.meza@pridequest.com,Estrella,Meza
12458,donald.kines@pridequest.com,Donald,Kines
12459,tiffiny.steffensmeier@pridequest.com,Tiffiny,Steffensmeier
12460,emiceli.corage@pridequest.com,Emiceli,Corage
12461,shawn.zu@pridequest.com,Shawn,Zu
12462,jai.singh@pridequest.com,Jai,Singh
12463,rolland.desouza@pridequest.com,Rolland,Desouza
12464,pamella.schmierer@pridequest.com,Pamella,Schmierer
12465,gul.kulzer@pridequest.com,Gul,Kulzer
12466,shawna.palaspas@pridequest.com,Shawna,Palaspas
12467,brandon.callaro@pridequest.com,Brandon,Callaro
12468,scarlet.cartan@pridequest.com,Scarlet,Cartan
12469,oretha.menter@pridequest.com,Oretha,Menter
12470,tom.smith@pridequest.com,Tom,Smith
12471,peter.xuan@pridequest.com,Peter,Xuan
12472,lindsey.dilello@pridequest.com,Lindsey,Dilello
12473,devora.perez@pridequest.com,Devora,Perez
12474,henry.demesa@pridequest.com,Henry,Demesa
12475,rosi.papasergi@pridequest.com,Rosi,Papasergi
12476,talia.riopelle@pridequest.com,Talia,Riopelle
12477,van.shire@pridequest.com,Van,Shire
12478,lucina.lary@pridequest.com,Lucina,Lary
12479,bok.isaacs@pridequest.com,Bok,Isaacs
12480,rolande.spickerman@pridequest.com,Rolande,Spickerman
12481,henry.paulas@pridequest.com,Henry,Paulas
12482,kimbery.madarang@pridequest.com,Kimbery,Madarang
12483,thurman.manno@pridequest.com,Thurman,Manno
12484,becky.mirafuentes@pridequest.com,Becky,Mirafuentes
12485,brittany.riz@pridequest.com,Brittany,Riz
12486,marti.maybury@pridequest.com,Marti,Maybury
12487,nieves.gotter@pridequest.com,Nieves,Gotter
12488,lilly.hagele@pridequest.com,Lilly,Hagele
12489,vikram.lime@pridequest.com,Vikram,Lime
12490,melissa.roberts@pridequest.com,Melissa,Roberts
12491,sheridan.zane@pridequest.com,Sheridan,Zane
12492,bulah.padilla@pridequest.com,Bulah,Padilla
12493,audra.lin@pridequest.com,Audra,Lin
12494,david.weither@pridequest.com,David,Weither
12495,fiji.amson@pridequest.com,Fiji,Amson
12496,gearldine.gellinger@pridequest.com,Gearldine,Gellinger
12497,chau.lee@pridequest.com,Chau,Lee
12498,theola.frey@pridequest.com,Theola,Frey
12499,cheryln.chopra@pridequest.com,Cheryln,Chopra
12500,lui.merced@pridequest.com,Lui,Merced
12501,carissa.batman@pridequest.com,Carissa,Batman
12502,lezlie.craghead@pridequest.com,Lezlie,Craghead
12503,olivia.shealy@pridequest.com,Olivia,Shealy
12504,armindar.kaur@pridequest.com,Armindar,Kaur
12505,reita.leto@pridequest.com,Reita,Leto
12506,yolo.ando@pridequest.com,Yolo,Ando
12507,lizette.stem@pridequest.com,Lizette,Stem
12508,geeta.pawlow@pridequest.com,Geeta,Pawlow
12512,larae.gudroe@pridequest.com,Larae,Gudroe
12513,latrice.tolfree@pridequest.com,Latrice,Tolfree
12514,kerry.theodorov@pridequest.com,Kerry,Theodorov
12516,fannie.lungren@pridequest.com,Fannie,Lungren
12518,novella.degroot@pridequest.com,Novella,Degroot
12521,irma.wolfgramm@pridequest.com,Irma,Wolfgramm
12523,sylvia.cousey@pridequest.com,Sylvia,Cousey
12525,layla.springe@pridequest.com,Layla,Springe
12526,joesph.degonia@pridequest.com,Joesph,Degonia
12527,annabelle.boord@pridequest.com,Annabelle,Boord
12530,marguerita.hiatt@pridequest.com,Marguerita,Hiatt
12533,claribel.varriano@pridequest.com,Claribel,Varriano
12534,benton.skursky@pridequest.com,Benton,Skursky
12535,hillary.skulski@pridequest.com,Hillary,Skulski
12536,merilyn.bayless@pridequest.com,Merilyn,Bayless
12538,merlyn.lawler@pridequest.com,Merlyn,Lawler
12541,lemuel.latzke@pridequest.com,Lemuel,Latzke
12543,candida.corbley@pridequest.com,Candida,Corbley
12544,karan.karpin@pridequest.com,Karan,Karpin
12547,belen.strassner@pridequest.com,Belen,Strassner
12550,barrett.toyama@pridequest.com,Barrett,Toyama
12551,helga.fredicks@pridequest.com,Helga,Fredicks
12553,fausto.agramonte@pridequest.com,Fausto,Agramonte
12554,ronny.caiafa@pridequest.com,Ronny,Caiafa
12556,norah.waymire@pridequest.com,Norah,Waymire
12561,willodean.konopacki@pridequest.com,Willodean,Konopacki
12562,beckie.silvestrini@pridequest.com,Beckie,Silvestrini
12564,frederica.blunk@pridequest.com,Frederica,Blunk
12565,glen.bartolet@pridequest.com,Glen,Bartolet
12566,freeman.gochal@pridequest.com,Freeman,Gochal
12567,vincent.meinerding@pridequest.com,Vincent,Meinerding
12572,nicolette.brossart@pridequest.com,Nicolette,Brossart
12574,virgina.tegarden@pridequest.com,Virgina,Tegarden
12576,alaine.bergesen@pridequest.com,Alaine,Bergesen
12577,earleen.mai@pridequest.com,Earleen,Mai
12579,ressie.auffrey@pridequest.com,Ressie,Auffrey
12583,gwenn.suffield@pridequest.com,Gwenn,Suffield
12586,taryn.moyd@pridequest.com,Taryn,Moyd
12587,katina.polidori@pridequest.com,Katina,Polidori
12588,rickie.plumer@pridequest.com,Rickie,Plumer
12592,ceola.setter@pridequest.com,Ceola,Setter
12594,lorrine.worlds@pridequest.com,Lorrine,Worlds
12597,daron.dinos@pridequest.com,Daron,Dinos
12598,an.fritz@pridequest.com,An,Fritz
12599,portia.stimmel@pridequest.com,Portia,Stimmel
12600,rhea.aredondo@pridequest.com,Rhea,Aredondo
12604,carey.dopico@pridequest.com,Carey,Dopico
12607,kimberlie.duenas@pridequest.com,Kimberlie,Duenas
12608,martina.staback@pridequest.com,Martina,Staback
12609,skye.fillingim@pridequest.com,Skye,Fillingim
12610,jade.farrar@pridequest.com,Jade,Farrar
12611,charlene.hamilton@pridequest.com,Charlene,Hamilton
12613,stevie.westerbeck@pridequest.com,Stevie,Westerbeck
12617,buddy.cloney@pridequest.com,Buddy,Cloney
12618,dalene.riden@pridequest.com,Dalene,Riden
12621,joseph.cryer@pridequest.com,Joseph,Cryer
12622,deonna.kippley@pridequest.com,Deonna,Kippley
12623,raymon.calvaresi@pridequest.com,Raymon,Calvaresi
12627,terrilyn.rodeigues@pridequest.com,Terrilyn,Rodeigues
12629,garry.keetch@pridequest.com,Garry,Keetch
12631,theodora.restrepo@pridequest.com,Theodora,Restrepo
12632,noah.kalafatis@pridequest.com,Noah,Kalafatis
12637,casie.good@pridequest.com,Casie,Good
12639,mirta.mallett@pridequest.com,Mirta,Mallett
12640,cathrine.pontoriero@pridequest.com,Cathrine,Pontoriero
12643,sarah.candlish@pridequest.com,Sarah,Candlish
12646,yvonne.tjepkema@pridequest.com,Yvonne,Tjepkema
12647,kayleigh.lace@pridequest.com,Kayleigh,Lace
12648,felix.hirpara@pridequest.com,Felix,Hirpara
12649,tresa.sweely@pridequest.com,Tresa,Sweely
12655,christiane.eschberger@pridequest.com,Christiane,Eschberger
12656,goldie.schirpke@pridequest.com,Goldie,Schirpke
12657,loreta.timenez@pridequest.com,Loreta,Timenez
12658,fabiola.hauenstein@pridequest.com,Fabiola,Hauenstein
12659,amie.perigo@pridequest.com,Amie,Perigo
12660,raina.brachle@pridequest.com,Raina,Brachle
12661,erinn.canlas@pridequest.com,Erinn,Canlas
12665,whitley.tomasulo@pridequest.com,Whitley,Tomasulo
12667,hermila.thyberg@pridequest.com,Hermila,Thyberg
12668,jesusita.flister@pridequest.com,Jesusita,Flister
12669,caitlin.julia@pridequest.com,Caitlin,Julia
12670,roosevelt.hoffis@pridequest.com,Roosevelt,Hoffis
12672,lorean.martabano@pridequest.com,Lorean,Martabano
12673,france.buzick@pridequest.com,France,Buzick
12675,adelina.nabours@pridequest.com,Adelina,Nabours
12677,jerry.dallen@pridequest.com,Jerry,Dallen
12678,leota.ragel@pridequest.com,Leota,Ragel
12680,aja.gehrett@pridequest.com,Aja,Gehrett
12681,kirk.herritt@pridequest.com,Kirk,Herritt
12683,winfred.brucato@pridequest.com,Winfred,Brucato
12684,tarra.nachor@pridequest.com,Tarra,Nachor
12686,dulce.labreche@pridequest.com,Dulce,Labreche
12687,kate.keneipp@pridequest.com,Kate,Keneipp
12688,kaitlyn.ogg@pridequest.com,Kaitlyn,Ogg
12689,sherita.saras@pridequest.com,Sherita,Saras
12692,nobuko.halsey@pridequest.com,Nobuko,Halsey
12693,lavonna.wolny@pridequest.com,Lavonna,Wolny
12695,mariann.bilden@pridequest.com,Mariann,Bilden
12697,roselle.estell@pridequest.com,Roselle,Estell
12699,margart.meisel@pridequest.com,Margart,Meisel
12700,kristofer.bennick@pridequest.com,Kristofer,Bennick
12704,louvenia.beech@pridequest.com,Louvenia,Beech
12705,audry.yaw@pridequest.com,Audry,Yaw
12706,kristel.ehmann@pridequest.com,Kristel,Ehmann
12709,venita.maillard@pridequest.com,Venita,Maillard
12710,kasandra.semidey@pridequest.com,Kasandra,Semidey
12715,linn.paa@pridequest.com,Linn,Paa
12717,wynell.dorshorst@pridequest.com,Wynell,Dorshorst
12719,regenia.kannady@pridequest.com,Regenia,Kannady
12721,izetta.funnell@pridequest.com,Izetta,Funnell
12725,paz.sahagun@pridequest.com,Paz,Sahagun
12728,cyril.daufeldt@pridequest.com,Cyril,Daufeldt
12730,erick.nievas@pridequest.com,Erick,Nievas
12738,gertude.witten@pridequest.com,Gertude,Witten
12744,mireya.frerking@pridequest.com,Mireya,Frerking
12746,dean.ketelsen@pridequest.com,Dean,Ketelsen
12747,levi.munis@pridequest.com,Levi,Munis
12749,sharee.maile@pridequest.com,Sharee,Maile
12750,cordelia.storment@pridequest.com,Cordelia,Storment
12751,mollie.mcdoniel@pridequest.com,Mollie,Mcdoniel
12752,brett.mccullan@pridequest.com,Brett,Mccullan
12753,teddy.pedrozo@pridequest.com,Teddy,Pedrozo
12754,tasia.andreason@pridequest.com,Tasia,Andreason
12756,arthur.farrow@pridequest.com,Arthur,Farrow
12758,billye.miro@pridequest.com,Billye,Miro
12759,glenna.slayton@pridequest.com,Glenna,Slayton
12760,mitzie.hudnall@pridequest.com,Mitzie,Hudnall
12761,bernardine.rodefer@pridequest.com,Bernardine,Rodefer
12762,staci.schmaltz@pridequest.com,Staci,Schmaltz
12763,nichelle.meteer@pridequest.com,Nichelle,Meteer
12765,ettie.hoopengardner@pridequest.com,Ettie,Hoopengardner
12766,eden.jayson@pridequest.com,Eden,Jayson
12767,lynelle.auber@pridequest.com,Lynelle,Auber
12768,merissa.tomblin@pridequest.com,Merissa,Tomblin
12769,golda.kaniecki@pridequest.com,Golda,Kaniecki
12770,catarina.gleich@pridequest.com,Catarina,Gleich
12775,elke.sengbusch@pridequest.com,Elke,Sengbusch
12777,trinidad.mcrae@pridequest.com,Trinidad,Mcrae
12778,mari.lueckenbach@pridequest.com,Mari,Lueckenbach
12779,selma.husser@pridequest.com,Selma,Husser
12782,clorinda.heimann@pridequest.com,Clorinda,Heimann
12784,ahmed.angalich@pridequest.com,Ahmed,Angalich
12785,iluminada.ohms@pridequest.com,Iluminada,Ohms
12786,joanna.leinenbach@pridequest.com,Joanna,Leinenbach
12788,stephane.myricks@pridequest.com,Stephane,Myricks
12789,quentin.swayze@pridequest.com,Quentin,Swayze
12790,annmarie.castros@pridequest.com,Annmarie,Castros
12791,shonda.greenbush@pridequest.com,Shonda,Greenbush
12793,jeanice.claucherty@pridequest.com,Jeanice,Claucherty
12794,josphine.villanueva@pridequest.com,Josphine,Villanueva
12796,cassi.wildfong@pridequest.com,Cassi,Wildfong
12798,adell.lipkin@pridequest.com,Adell,Lipkin
12799,jacqueline.rowling@pridequest.com,Jacqueline,Rowling
12800,lonny.weglarz@pridequest.com,Lonny,Weglarz
12801,lonna.diestel@pridequest.com,Lonna,Diestel
12803,kenneth.grenet@pridequest.com,Kenneth,Grenet
12806,sharika.eanes@pridequest.com,Sharika,Eanes
12809,cecilia.colaizzo@pridequest.com,Cecilia,Colaizzo
12813,tegan.arceo@pridequest.com,Tegan,Arceo
12815,joni.breland@pridequest.com,Joni,Breland
12817,colette.kardas@pridequest.com,Colette,Kardas
12818,malcolm.tromblay@pridequest.com,Malcolm,Tromblay
12820,jess.chaffins@pridequest.com,Jess,Chaffins
12822,nickolas.juvera@pridequest.com,Nickolas,Juvera
12823,gary.nunlee@pridequest.com,Gary,Nunlee
12825,roslyn.chavous@pridequest.com,Roslyn,Chavous
12829,refugia.jacobos@pridequest.com,Refugia,Jacobos
12830,shawnda.yori@pridequest.com,Shawnda,Yori
12832,gilma.liukko@pridequest.com,Gilma,Liukko
12834,lili.paskin@pridequest.com,Lili,Paskin
12835,loren.asar@pridequest.com,Loren,Asar
12837,gail.similton@pridequest.com,Gail,Similton
12839,lawrence.lorens@pridequest.com,Lawrence,Lorens
12840,carlee.boulter@pridequest.com,Carlee,Boulter
12843,alesia.hixenbaugh@pridequest.com,Alesia,Hixenbaugh
12847,flo.bookamer@pridequest.com,Flo,Bookamer
12849,chauncey.motley@pridequest.com,Chauncey,Motley